Comment,Designator,Footprint,LCSC
100n,"C1,C4,C6,C15",C_0603_1608Metric,C14663
4.7u,"C2,C3",C_0805_2012Metric,C1779
10u,C5,C_0805_2012Metric,C15850
220p,C7,C_0603_1608Metric,C1603
22u,"C10,C11,C12,C13,C14",C_0805_2012Metric,C45783
rot,D1,LED_0603_1608Metric,C2286
1u,L1,L_Sunlord_MWSA0402S,C408332
AO3401A,"Q1,Q5,Q7",SOT-23,C15127
FS8205A,"Q2,Q6",SOT-23-6,C908265
10k,R1,R_0603_1608Metric,C25804
100,R2,R_0603_1608Metric,C22775
1k,"R3,R5,R18,R19,R20",R_0603_1608Metric,C21190
5.1k,R4,R_0603_1608Metric,C23186
1M,R7,R_0603_1608Metric,C22935
750k,R8,R_0603_1608Metric,C23240
100k,"R9,R10",R_0603_1608Metric,C25803
220,"R13,R14,R16,R17",R_0603_1608Metric,C22962
10m,R15,R_1206_3216Metric_Kelvin,C105362
4.7k,"R21,R22",R_0603_1608Metric,C23162
TP4056,U1,SOIC-8-1EP_3.9x4.9mm_P1.27mm_EP2.41x3.3mm,C16581
DW01A,U2,SOT-23-6,C2927799
LM66100,U3,SOT-363_SC-70-6,C2869734
INA226,U5,TSSOP-10_3x3mm_P0.5mm,C49851
TPS61023,U6,SOT-563,C919459
