Designator,Mid X,Mid Y,Layer,Rotation
C1,136.025mm,-104.215mm,Top,0.0
C10,118.500mm,-110.600mm,Top,90.0
C11,112.800mm,-109.400mm,Top,180.0
C12,112.500mm,-107.350mm,Top,180.0
C13,112.500mm,-105.300mm,Top,180.0
C14,112.500mm,-103.250mm,Top,180.0
C15,131.175mm,-110.675mm,Top,0.0
C2,124.245mm,-148.515mm,Top,0.0
C3,128.235mm,-148.515mm,Top,0.0
C4,111.025mm,-136.615mm,Top,0.0
C5,114.735mm,-134.075mm,Top,0.0
C6,114.575mm,-136.615mm,Top,0.0
C7,112.100mm,-112.000mm,Top,270.0
D1,145.325mm,-135.310mm,Top,135.0
L1,116.700mm,-105.800mm,Top,270.0
Q1,121.800mm,-101.500mm,Top,90.0
Q2,133.300mm,-108.000mm,Top,0.0
Q5,134.500mm,-140.500mm,Top,0.0
Q6,137.500mm,-108.000mm,Top,0.0
Q7,125.200mm,-101.500mm,Top,90.0
R1,140.715mm,-98.175mm,Top,0.0
R10,115.800mm,-113.000mm,Top,270.0
R13,108.725mm,-119.775mm,Top,0.0
R14,112.275mm,-119.775mm,Top,0.0
R15,122.300mm,-106.500mm,Top,270.0
R16,108.725mm,-121.825mm,Top,0.0
R17,112.275mm,-121.825mm,Top,0.0
R18,141.525mm,-106.375mm,Top,0.0
R19,141.525mm,-108.425mm,Top,0.0
R2,136.025mm,-102.165mm,Top,0.0
R20,141.525mm,-110.475mm,Top,0.0
R21,135.525mm,-122.875mm,Top,0.0
R22,139.075mm,-122.875mm,Top,0.0
R3,139.575mm,-102.165mm,Top,0.0
R4,111.025mm,-131.775mm,Top,0.0
R5,114.575mm,-131.775mm,Top,0.0
R7,131.000mm,-140.500mm,Top,0.0
R8,113.700mm,-112.000mm,Top,270.0
R9,113.700mm,-115.200mm,Top,270.0
U1,126.245mm,-144.245mm,Top,0.0
U2,136.595mm,-99.145mm,Top,0.0
U3,110.995mm,-134.195mm,Top,0.0
U5,125.975mm,-111.695mm,Top,0.0
U6,115.800mm,-110.000mm,Top,90.0
